{"stability_values": [13.737380504608154, 13.709640502929688, 13.695955276489258, 13.66645097732544, 13.697445392608643, 13.738763332366943, 13.772189617156982, 13.770920038223267, 13.768267631530762, 13.727205991744995, 13.73814344406128, 13.738203048706055, 13.744455575942993, 13.744372129440308, 13.719475269317627, 13.719826936721802, 13.710981607437134, 13.688337802886963, 13.69364857673645, 13.683634996414185, 13.58426809310913, 13.578438758850098, 13.552170991897583, 13.552260398864746, 13.543474674224854, 13.541394472122192, 13.52909803390503, 13.490509986877441, 13.426649570465088, 13.416469097137451, 13.415324687957764, 13.410937786102295, 13.302624225616455, 13.301104307174683, 13.303238153457642, 13.302701711654663, 13.301682472229004, 13.287526369094849, 13.04858922958374, 12.703388929367065, 12.187522649765015, 11.648952960968018, 11.061626672744751, 10.350596904754639, 9.908115863800049, 9.436774253845215, 9.130275249481201, 8.857792615890503, 8.70140790939331, 8.559894561767578, 8.387863636016846, 8.16349983215332, 8.041292428970337, 7.737201452255249, 7.5035154819488525, 7.403159141540527, 7.310539484024048, 7.272970676422119, 7.200562953948975, 7.207006216049194, 7.156956195831299, 7.146793603897095, 7.110637426376343, 7.010209560394287, 6.909805536270142, 6.89852237701416, 6.8930983543396, 6.894594430923462, 6.870144605636597, 6.847679615020752, 6.848084926605225, 6.852829456329346, 6.858837604522705, 6.8622887134552, 6.887376308441162, 6.896466016769409, 6.902807950973511, 6.903493404388428, 6.901687383651733, 6.902486085891724, 6.91455602645874, 6.952303647994995, 6.965577602386475], "distance_values": [68.1276798248291, 68.08820366859436, 71.49634957313538, 71.41451835632324, 71.30066156387329, 70.0971245765686, 69.44614052772522, 67.94904470443726, 63.57061266899109, 64.47555422782898, 62.57312893867493, 63.46307992935181, 63.09441924095154, 60.49250364303589, 62.74438500404358, 64.07997608184814, 65.68570733070374, 67.23397374153137, 65.25816321372986, 66.45665168762207, 62.92351484298706, 63.0475640296936, 63.13256621360779, 65.14965891838074, 64.24258351325989, 58.909785747528076, 62.47016787528992, 64.89117741584778, 64.89400267601013, 64.20093774795532, 68.1114673614502, 66.81456565856934, 67.61462688446045, 70.15002965927124, 66.76206588745117, 66.73948764801025, 66.2963330745697, 66.46288633346558, 70.06112933158875, 72.43532538414001, 73.34575653076172, 76.79475545883179, 76.3249158859253, 74.81268644332886, 70.47069668769836, 72.84688949584961, 74.75597858428955, 74.55167174339294, 67.49711632728577, 66.36632680892944, 67.11987257003784, 68.19435954093933, 69.03692483901978, 78.72267365455627, 77.12118625640869, 77.4047315120697, 76.79587602615356, 80.10762333869934, 82.37110376358032, 85.98592877388, 85.20299196243286, 85.09540557861328, 82.84386396408081, 80.11295199394226, 76.00231766700745, 75.96653699874878, 76.595538854599, 75.7889449596405, 79.20535802841187, 77.178955078125, 77.8199315071106, 78.9832592010498, 82.20522999763489, 82.88909196853638, 82.75755643844604, 79.19963002204895, 78.24611067771912, 78.31652760505676, 77.82329320907593, 78.05467247962952, 78.1104326248169, 79.69692945480347, 79.56510782241821], "expression_changes": [0, 0, 0, 0, 0, 0, 0, 0, 0, 0, 0, 0, 0, 0, 0, 0, 0, 0, 0, 0, 0, 0, 0, 0, 0, 0, 0, 0, 0, 0, 0, 0, 0, 0, 0, 0, 0, 0, 0, 0, 0, 0, 0, 0, 0, 0, 0, 0, 0, 0, 0, 0, 0, 0, 0, 0, 0, 0, 0, 0, 0, 0, 0, 0, 0, 0, 0, 0, 0, 0, 0, 0, 0, 0, 0, 0, 0, 0, 0, 0, 0, 0, 0], "stability_description": "Stable", "avg_stability": 89.42753062190779, "distance_description": "Too Far", "avg_distance": 71.81500562702317, "expression_description": "Facial expressions changed frequently."}